SHADING:BUILDING:DETAILED,ShadingB123W2618
SHADING:BUILDING:DETAILED,ShadingB123W2605
SHADING:BUILDING:DETAILED,ShadingB123W2606
SHADING:BUILDING:DETAILED,ShadingB123W2603
SHADING:BUILDING:DETAILED,ShadingB123W2604
SHADING:BUILDING:DETAILED,ShadingB123W2602
SHADING:BUILDING:DETAILED,ShadingB123W2601
SHADING:BUILDING:DETAILED,ShadingB123W2600
SHADING:BUILDING:DETAILED,ShadingB123W2599
SHADING:BUILDING:DETAILED,ShadingB123W2598
SHADING:BUILDING:DETAILED,ShadingB123W2597
SHADING:BUILDING:DETAILED,ShadingB123W2583
SHADING:BUILDING:DETAILED,ShadingB123W2584
SHADING:BUILDING:DETAILED,ShadingB123W2585
SHADING:BUILDING:DETAILED,ShadingB123W2579
SHADING:BUILDING:DETAILED,ShadingB123W2580
SHADING:BUILDING:DETAILED,ShadingB123W2581
SHADING:BUILDING:DETAILED,ShadingB123W2582
SHADING:BUILDING:DETAILED,ShadingB123W2576
SHADING:BUILDING:DETAILED,ShadingB123W2577
SHADING:BUILDING:DETAILED,ShadingB123W2578
SHADING:BUILDING:DETAILED,ShadingB123W2564
SHADING:BUILDING:DETAILED,ShadingB123W2563
SHADING:BUILDING:DETAILED,ShadingB123W2560
SHADING:BUILDING:DETAILED,ShadingB123W2559
SHADING:BUILDING:DETAILED,ShadingB123W2562
SHADING:BUILDING:DETAILED,ShadingB123W2561
SHADING:BUILDING:DETAILED,ShadingB123W2556
SHADING:BUILDING:DETAILED,ShadingB123W2555
SHADING:BUILDING:DETAILED,ShadingB123W2558
SHADING:BUILDING:DETAILED,ShadingB123W2557
SHADING:BUILDING:DETAILED,ShadingB123W2681
SHADING:BUILDING:DETAILED,ShadingB123W2682
SHADING:BUILDING:DETAILED,ShadingB123W2669
SHADING:BUILDING:DETAILED,ShadingB123W2667
SHADING:BUILDING:DETAILED,ShadingB123W2668
SHADING:BUILDING:DETAILED,ShadingB123W2662
SHADING:BUILDING:DETAILED,ShadingB123W2661
SHADING:BUILDING:DETAILED,ShadingB123W2660
SHADING:BUILDING:DETAILED,ShadingB123W2666
SHADING:BUILDING:DETAILED,ShadingB123W2665
SHADING:BUILDING:DETAILED,ShadingB123W2664
SHADING:BUILDING:DETAILED,ShadingB123W2663
SHADING:BUILDING:DETAILED,ShadingB123W2643
SHADING:BUILDING:DETAILED,ShadingB123W2644
SHADING:BUILDING:DETAILED,ShadingB123W2645
SHADING:BUILDING:DETAILED,ShadingB123W2167
SHADING:BUILDING:DETAILED,ShadingB123W2168
SHADING:BUILDING:DETAILED,ShadingB123W2646
SHADING:BUILDING:DETAILED,ShadingB123W2647
SHADING:BUILDING:DETAILED,ShadingB123W2166
SHADING:BUILDING:DETAILED,ShadingB123W2648
SHADING:BUILDING:DETAILED,ShadingB123W2163
SHADING:BUILDING:DETAILED,ShadingB123W2164
SHADING:BUILDING:DETAILED,ShadingB123W2161
SHADING:BUILDING:DETAILED,ShadingB123W2162
SHADING:BUILDING:DETAILED,ShadingB123W2160
SHADING:BUILDING:DETAILED,ShadingB123W2639
SHADING:BUILDING:DETAILED,ShadingB123W2640
SHADING:BUILDING:DETAILED,ShadingB123W2641
SHADING:BUILDING:DETAILED,ShadingB123W2642
SHADING:BUILDING:DETAILED,ShadingB123W2627
SHADING:BUILDING:DETAILED,ShadingB123W2620
SHADING:BUILDING:DETAILED,ShadingB123W2619
SHADING:BUILDING:DETAILED,ShadingB123W2622
SHADING:BUILDING:DETAILED,ShadingB123W2621
SHADING:BUILDING:DETAILED,ShadingB123W2624
SHADING:BUILDING:DETAILED,ShadingB123W2623
SHADING:BUILDING:DETAILED,ShadingB123W2626
SHADING:BUILDING:DETAILED,ShadingB123W2625
SHADING:BUILDING:DETAILED,ShadingB123W2489
SHADING:BUILDING:DETAILED,ShadingB123W2465
SHADING:BUILDING:DETAILED,ShadingB123W2466
SHADING:BUILDING:DETAILED,ShadingB123W2464
SHADING:BUILDING:DETAILED,ShadingB123W2461
SHADING:BUILDING:DETAILED,ShadingB123W2462
SHADING:BUILDING:DETAILED,ShadingB123W2471
SHADING:BUILDING:DETAILED,ShadingB123W2469
SHADING:BUILDING:DETAILED,ShadingB123W2470
SHADING:BUILDING:DETAILED,ShadingB123W2467
SHADING:BUILDING:DETAILED,ShadingB123W2468
SHADING:BUILDING:DETAILED,ShadingB123W2447
SHADING:BUILDING:DETAILED,ShadingB123W2444
SHADING:BUILDING:DETAILED,ShadingB123W2443
SHADING:BUILDING:DETAILED,ShadingB123W2446
SHADING:BUILDING:DETAILED,ShadingB123W2445
SHADING:BUILDING:DETAILED,ShadingB123W2439
SHADING:BUILDING:DETAILED,ShadingB123W2440
SHADING:BUILDING:DETAILED,ShadingB123W2441
SHADING:BUILDING:DETAILED,ShadingB123W2442
SHADING:BUILDING:DETAILED,ShadingB123W2438
SHADING:BUILDING:DETAILED,ShadingB123W2542
SHADING:BUILDING:DETAILED,ShadingB123W72
SHADING:BUILDING:DETAILED,ShadingB123W2541
SHADING:BUILDING:DETAILED,ShadingB123W2540
SHADING:BUILDING:DETAILED,ShadingB123W2539
SHADING:BUILDING:DETAILED,ShadingB123W2543
SHADING:BUILDING:DETAILED,ShadingB123W2534
SHADING:BUILDING:DETAILED,ShadingB123W2537
SHADING:BUILDING:DETAILED,ShadingB123W2538
SHADING:BUILDING:DETAILED,ShadingB123W2535
SHADING:BUILDING:DETAILED,ShadingB123W2536
SHADING:BUILDING:DETAILED,ShadingB123W2514
SHADING:BUILDING:DETAILED,ShadingB123W2513
SHADING:BUILDING:DETAILED,ShadingB123W2516
SHADING:BUILDING:DETAILED,ShadingB123W2515
SHADING:BUILDING:DETAILED,ShadingB123W2518
SHADING:BUILDING:DETAILED,ShadingB123W2517
SHADING:BUILDING:DETAILED,ShadingB123W2520
SHADING:BUILDING:DETAILED,ShadingB123W2519
SHADING:BUILDING:DETAILED,ShadingB123W2522
SHADING:BUILDING:DETAILED,ShadingB123W2521
SHADING:BUILDING:DETAILED,ShadingB123W2491
SHADING:BUILDING:DETAILED,ShadingB123W2492
SHADING:BUILDING:DETAILED,ShadingB123W2493
SHADING:BUILDING:DETAILED,ShadingB123W2494
SHADING:BUILDING:DETAILED,ShadingB123W2495
SHADING:BUILDING:DETAILED,ShadingB123W2496
SHADING:BUILDING:DETAILED,ShadingB123W2497
SHADING:BUILDING:DETAILED,ShadingB123W2498
SHADING:BUILDING:DETAILED,ShadingB123W2499
SHADING:BUILDING:DETAILED,ShadingB123W2309
SHADING:BUILDING:DETAILED,ShadingB123W2308
SHADING:BUILDING:DETAILED,ShadingB123W2307
SHADING:BUILDING:DETAILED,ShadingB123W2314
SHADING:BUILDING:DETAILED,ShadingB123W2313
SHADING:BUILDING:DETAILED,ShadingB123W2312
SHADING:BUILDING:DETAILED,ShadingB123W2311
SHADING:BUILDING:DETAILED,ShadingB123W2306
SHADING:BUILDING:DETAILED,ShadingB123W2305
SHADING:BUILDING:DETAILED,ShadingB123W2304
SHADING:BUILDING:DETAILED,ShadingB123W2342
SHADING:BUILDING:DETAILED,ShadingB123W2341
SHADING:BUILDING:DETAILED,ShadingB123W2343
SHADING:BUILDING:DETAILED,ShadingB123W2332
SHADING:BUILDING:DETAILED,ShadingB123W2334
SHADING:BUILDING:DETAILED,ShadingB123W2333
SHADING:BUILDING:DETAILED,ShadingB123W2336
SHADING:BUILDING:DETAILED,ShadingB123W2335
SHADING:BUILDING:DETAILED,ShadingB123W2338
SHADING:BUILDING:DETAILED,ShadingB123W2337
SHADING:BUILDING:DETAILED,ShadingB123W2355
SHADING:BUILDING:DETAILED,ShadingB123W2356
SHADING:BUILDING:DETAILED,ShadingB123W2357
SHADING:BUILDING:DETAILED,ShadingB123W2360
SHADING:BUILDING:DETAILED,ShadingB123W2361
SHADING:BUILDING:DETAILED,ShadingB123W2362
SHADING:BUILDING:DETAILED,ShadingB123W2366
SHADING:BUILDING:DETAILED,ShadingB123W2365
SHADING:BUILDING:DETAILED,ShadingB123W2364
SHADING:BUILDING:DETAILED,ShadingB123W2363
SHADING:BUILDING:DETAILED,ShadingB123W2389
SHADING:BUILDING:DETAILED,ShadingB123W2387
SHADING:BUILDING:DETAILED,ShadingB123W2388
SHADING:BUILDING:DETAILED,ShadingB123W2385
SHADING:BUILDING:DETAILED,ShadingB123W2386
SHADING:BUILDING:DETAILED,ShadingB123W2383
SHADING:BUILDING:DETAILED,ShadingB123W2384
SHADING:BUILDING:DETAILED,ShadingB123W2381
SHADING:BUILDING:DETAILED,ShadingB123W2382
SHADING:BUILDING:DETAILED,ShadingB123W2380
SHADING:BUILDING:DETAILED,ShadingB123W2727
SHADING:BUILDING:DETAILED,ShadingB123W2181
SHADING:BUILDING:DETAILED,ShadingB123W2182
SHADING:BUILDING:DETAILED,ShadingB123W2728
SHADING:BUILDING:DETAILED,ShadingB123W2729
SHADING:BUILDING:DETAILED,ShadingB123W2730
SHADING:BUILDING:DETAILED,ShadingB123W2185
SHADING:BUILDING:DETAILED,ShadingB123W2723
SHADING:BUILDING:DETAILED,ShadingB123W2724
SHADING:BUILDING:DETAILED,ShadingB123W2186
SHADING:BUILDING:DETAILED,ShadingB123W2725
SHADING:BUILDING:DETAILED,ShadingB123W2183
SHADING:BUILDING:DETAILED,ShadingB123W2726
SHADING:BUILDING:DETAILED,ShadingB123W2184
SHADING:BUILDING:DETAILED,ShadingB123W2190
SHADING:BUILDING:DETAILED,ShadingB123W2189
SHADING:BUILDING:DETAILED,ShadingB123W2188
SHADING:BUILDING:DETAILED,ShadingB123W2187
SHADING:BUILDING:DETAILED,ShadingB123W2732
SHADING:BUILDING:DETAILED,ShadingB123W2731
SHADING:BUILDING:DETAILED,ShadingB123W2744
SHADING:BUILDING:DETAILED,ShadingB123W2746
SHADING:BUILDING:DETAILED,ShadingB123W2745
SHADING:BUILDING:DETAILED,ShadingB123W2689
SHADING:BUILDING:DETAILED,ShadingB123W2690
SHADING:BUILDING:DETAILED,ShadingB123W2687
SHADING:BUILDING:DETAILED,ShadingB123W2688
SHADING:BUILDING:DETAILED,ShadingB123W2685
SHADING:BUILDING:DETAILED,ShadingB123W2686
SHADING:BUILDING:DETAILED,ShadingB123W2683
SHADING:BUILDING:DETAILED,ShadingB123W2684
SHADING:BUILDING:DETAILED,ShadingB123W2706
SHADING:BUILDING:DETAILED,ShadingB123W2705
SHADING:BUILDING:DETAILED,ShadingB123W2704
SHADING:BUILDING:DETAILED,ShadingB123W2703
SHADING:BUILDING:DETAILED,ShadingB123W2702
SHADING:BUILDING:DETAILED,ShadingB123W2711
SHADING:BUILDING:DETAILED,ShadingB123W2710
SHADING:BUILDING:DETAILED,ShadingB123W2709
SHADING:BUILDING:DETAILED,ShadingB123W2234
SHADING:BUILDING:DETAILED,ShadingB123W2708
SHADING:BUILDING:DETAILED,ShadingB123W2707
SHADING:BUILDING:DETAILED,ShadingB123W2242
SHADING:BUILDING:DETAILED,ShadingB123W2239
SHADING:BUILDING:DETAILED,ShadingB123W2240
SHADING:BUILDING:DETAILED,ShadingB123W2237
SHADING:BUILDING:DETAILED,ShadingB123W2238
SHADING:BUILDING:DETAILED,ShadingB123W2786
SHADING:BUILDING:DETAILED,ShadingB123W2236
SHADING:BUILDING:DETAILED,ShadingB123W2787
SHADING:BUILDING:DETAILED,ShadingB123W2788
SHADING:BUILDING:DETAILED,ShadingB123W2789
SHADING:BUILDING:DETAILED,ShadingB123W2790
SHADING:BUILDING:DETAILED,ShadingB123W2245
SHADING:BUILDING:DETAILED,ShadingB123W2791
SHADING:BUILDING:DETAILED,ShadingB123W2792
SHADING:BUILDING:DETAILED,ShadingB123W2793
SHADING:BUILDING:DETAILED,ShadingB123W2243
SHADING:BUILDING:DETAILED,ShadingB123W2794
SHADING:BUILDING:DETAILED,ShadingB123W2244
SHADING:BUILDING:DETAILED,ShadingB123W2258
SHADING:BUILDING:DETAILED,ShadingB123W2795
SHADING:BUILDING:DETAILED,ShadingB123W2264
SHADING:BUILDING:DETAILED,ShadingB123W2263
SHADING:BUILDING:DETAILED,ShadingB123W2262
SHADING:BUILDING:DETAILED,ShadingB123W2261
SHADING:BUILDING:DETAILED,ShadingB123W2260
SHADING:BUILDING:DETAILED,ShadingB123W2259
SHADING:BUILDING:DETAILED,ShadingB123W2749
SHADING:BUILDING:DETAILED,ShadingB123W2750
SHADING:BUILDING:DETAILED,ShadingB123W2747
SHADING:BUILDING:DETAILED,ShadingB123W2748
SHADING:BUILDING:DETAILED,ShadingB123W2753
SHADING:BUILDING:DETAILED,ShadingB123W2267
SHADING:BUILDING:DETAILED,ShadingB123W2268
SHADING:BUILDING:DETAILED,ShadingB123W2751
SHADING:BUILDING:DETAILED,ShadingB123W2269
SHADING:BUILDING:DETAILED,ShadingB123W2752
SHADING:BUILDING:DETAILED,ShadingB123W2281
SHADING:BUILDING:DETAILED,ShadingB123W2288
SHADING:BUILDING:DETAILED,ShadingB123W2766
SHADING:BUILDING:DETAILED,ShadingB123W2765
SHADING:BUILDING:DETAILED,ShadingB123W2287
SHADING:BUILDING:DETAILED,ShadingB123W2290
SHADING:BUILDING:DETAILED,ShadingB123W2289
SHADING:BUILDING:DETAILED,ShadingB123W2770
SHADING:BUILDING:DETAILED,ShadingB123W2284
SHADING:BUILDING:DETAILED,ShadingB123W2769
SHADING:BUILDING:DETAILED,ShadingB123W2283
SHADING:BUILDING:DETAILED,ShadingB123W2286
SHADING:BUILDING:DETAILED,ShadingB123W2768
SHADING:BUILDING:DETAILED,ShadingB123W2285
SHADING:BUILDING:DETAILED,ShadingB123W2767
SHADING:BUILDING:DETAILED,ShadingB123W2774
SHADING:BUILDING:DETAILED,ShadingB123W2773
SHADING:BUILDING:DETAILED,ShadingB123W2772
SHADING:BUILDING:DETAILED,ShadingB123W2771
SHADING:BUILDING:DETAILED,ShadingB123W2291
SHADING:BUILDING:DETAILED,ShadingB797W5572
SHADING:BUILDING:DETAILED,ShadingB797W5571
SHADING:BUILDING:DETAILED,ShadingB797W5369
SHADING:BUILDING:DETAILED,ShadingB797W5574
SHADING:BUILDING:DETAILED,ShadingB797W5370
SHADING:BUILDING:DETAILED,ShadingB797W5573
SHADING:BUILDING:DETAILED,ShadingB797W5575
SHADING:BUILDING:DETAILED,ShadingB797W5568
SHADING:BUILDING:DETAILED,ShadingB797W5355
SHADING:BUILDING:DETAILED,ShadingB797W5567
SHADING:BUILDING:DETAILED,ShadingB797W5356
SHADING:BUILDING:DETAILED,ShadingB797W5570
SHADING:BUILDING:DETAILED,ShadingB797W5357
SHADING:BUILDING:DETAILED,ShadingB797W5569
SHADING:BUILDING:DETAILED,ShadingB797W5358
SHADING:BUILDING:DETAILED,ShadingB797W5352
SHADING:BUILDING:DETAILED,ShadingB797W5587
SHADING:BUILDING:DETAILED,ShadingB797W5351
SHADING:BUILDING:DETAILED,ShadingB797W5588
SHADING:BUILDING:DETAILED,ShadingB797W5354
SHADING:BUILDING:DETAILED,ShadingB797W5353
SHADING:BUILDING:DETAILED,ShadingB797W5350
SHADING:BUILDING:DETAILED,ShadingB797W5583
SHADING:BUILDING:DETAILED,ShadingB797W5584
SHADING:BUILDING:DETAILED,ShadingB797W5585
SHADING:BUILDING:DETAILED,ShadingB797W5586
SHADING:BUILDING:DETAILED,ShadingB797W5337
SHADING:BUILDING:DETAILED,ShadingB797W5610
SHADING:BUILDING:DETAILED,ShadingB797W5609
SHADING:BUILDING:DETAILED,ShadingB797W5598
SHADING:BUILDING:DETAILED,ShadingB797W5597
SHADING:BUILDING:DETAILED,ShadingB797W5596
SHADING:BUILDING:DETAILED,ShadingB797W5601
SHADING:BUILDING:DETAILED,ShadingB797W5600
SHADING:BUILDING:DETAILED,ShadingB797W5599
SHADING:BUILDING:DETAILED,ShadingB797W5625
SHADING:BUILDING:DETAILED,ShadingB797W5626
SHADING:BUILDING:DETAILED,ShadingB797W5623
SHADING:BUILDING:DETAILED,ShadingB797W5624
SHADING:BUILDING:DETAILED,ShadingB797W5613
SHADING:BUILDING:DETAILED,ShadingB797W5614
SHADING:BUILDING:DETAILED,ShadingB797W5611
SHADING:BUILDING:DETAILED,ShadingB797W5612
SHADING:BUILDING:DETAILED,ShadingB797W5521
SHADING:BUILDING:DETAILED,ShadingB797W5537
SHADING:BUILDING:DETAILED,ShadingB797W5536
SHADING:BUILDING:DETAILED,ShadingB797W5535
SHADING:BUILDING:DETAILED,ShadingB797W5534
SHADING:BUILDING:DETAILED,ShadingB797W5533
SHADING:BUILDING:DETAILED,ShadingB797W5532
SHADING:BUILDING:DETAILED,ShadingB797W5555
SHADING:BUILDING:DETAILED,ShadingB797W5556
SHADING:BUILDING:DETAILED,ShadingB797W5553
SHADING:BUILDING:DETAILED,ShadingB797W5554
SHADING:BUILDING:DETAILED,ShadingB797W5551
SHADING:BUILDING:DETAILED,ShadingB797W5552
SHADING:BUILDING:DETAILED,ShadingB797W5549
SHADING:BUILDING:DETAILED,ShadingB797W5550
SHADING:BUILDING:DETAILED,ShadingB797W5548
SHADING:BUILDING:DETAILED,ShadingB797W5488
SHADING:BUILDING:DETAILED,ShadingB797W5487
SHADING:BUILDING:DETAILED,ShadingB797W5490
SHADING:BUILDING:DETAILED,ShadingB797W5489
SHADING:BUILDING:DETAILED,ShadingB797W5486
SHADING:BUILDING:DETAILED,ShadingB797W5485
SHADING:BUILDING:DETAILED,ShadingB797W5496
SHADING:BUILDING:DETAILED,ShadingB797W5495
SHADING:BUILDING:DETAILED,ShadingB797W5498
SHADING:BUILDING:DETAILED,ShadingB797W5497
SHADING:BUILDING:DETAILED,ShadingB797W5492
SHADING:BUILDING:DETAILED,ShadingB797W5491
SHADING:BUILDING:DETAILED,ShadingB797W5494
SHADING:BUILDING:DETAILED,ShadingB797W5493
SHADING:BUILDING:DETAILED,ShadingB797W5458
SHADING:BUILDING:DETAILED,ShadingB797W5457
SHADING:BUILDING:DETAILED,ShadingB797W5456
SHADING:BUILDING:DETAILED,ShadingB797W5455
SHADING:BUILDING:DETAILED,ShadingB797W5454
SHADING:BUILDING:DETAILED,ShadingB797W5729
SHADING:BUILDING:DETAILED,ShadingB797W5453
SHADING:BUILDING:DETAILED,ShadingB797W5730
SHADING:BUILDING:DETAILED,ShadingB797W5452
SHADING:BUILDING:DETAILED,ShadingB797W5727
SHADING:BUILDING:DETAILED,ShadingB797W5451
SHADING:BUILDING:DETAILED,ShadingB797W5728
SHADING:BUILDING:DETAILED,ShadingB797W5733
SHADING:BUILDING:DETAILED,ShadingB797W5734
SHADING:BUILDING:DETAILED,ShadingB797W5731
SHADING:BUILDING:DETAILED,ShadingB797W5732
SHADING:BUILDING:DETAILED,ShadingB797W5735
SHADING:BUILDING:DETAILED,ShadingB797W5450
SHADING:BUILDING:DETAILED,ShadingB797W5627
SHADING:BUILDING:DETAILED,ShadingB797W5628
SHADING:BUILDING:DETAILED,ShadingB797W5373
SHADING:BUILDING:DETAILED,ShadingB797W5374
SHADING:BUILDING:DETAILED,ShadingB797W5371
SHADING:BUILDING:DETAILED,ShadingB797W5372
SHADING:BUILDING:DETAILED,ShadingB797W5377
SHADING:BUILDING:DETAILED,ShadingB797W5378
SHADING:BUILDING:DETAILED,ShadingB797W5375
SHADING:BUILDING:DETAILED,ShadingB797W5376
SHADING:BUILDING:DETAILED,ShadingB797W5471
SHADING:BUILDING:DETAILED,ShadingB797W5472
SHADING:BUILDING:DETAILED,ShadingB797W5710
SHADING:BUILDING:DETAILED,ShadingB797W5473
SHADING:BUILDING:DETAILED,ShadingB797W5712
SHADING:BUILDING:DETAILED,ShadingB797W5467
SHADING:BUILDING:DETAILED,ShadingB797W5711
SHADING:BUILDING:DETAILED,ShadingB797W5468
SHADING:BUILDING:DETAILED,ShadingB797W5469
SHADING:BUILDING:DETAILED,ShadingB797W5714
SHADING:BUILDING:DETAILED,ShadingB797W5713
SHADING:BUILDING:DETAILED,ShadingB797W5470
SHADING:BUILDING:DETAILED,ShadingB797W5716
SHADING:BUILDING:DETAILED,ShadingB797W5715
SHADING:BUILDING:DETAILED,ShadingB797W783
SHADING:BUILDING:DETAILED,ShadingB797W779
SHADING:BUILDING:DETAILED,ShadingB797W778
SHADING:BUILDING:DETAILED,ShadingB797W5439
SHADING:BUILDING:DETAILED,ShadingB797W5437
SHADING:BUILDING:DETAILED,ShadingB797W5438
SHADING:BUILDING:DETAILED,ShadingB797W5435
SHADING:BUILDING:DETAILED,ShadingB797W5436
SHADING:BUILDING:DETAILED,ShadingB797W5420
SHADING:BUILDING:DETAILED,ShadingB797W5419
SHADING:BUILDING:DETAILED,ShadingB797W5422
SHADING:BUILDING:DETAILED,ShadingB797W5421
SHADING:BUILDING:DETAILED,ShadingB797W5424
SHADING:BUILDING:DETAILED,ShadingB797W5423
SHADING:BUILDING:DETAILED,ShadingB797W5434
SHADING:BUILDING:DETAILED,ShadingB797W5433
SHADING:BUILDING:DETAILED,ShadingB797W5403
SHADING:BUILDING:DETAILED,ShadingB797W5404
SHADING:BUILDING:DETAILED,ShadingB797W5405
SHADING:BUILDING:DETAILED,ShadingB797W5406
SHADING:BUILDING:DETAILED,ShadingB797W5766
SHADING:BUILDING:DETAILED,ShadingB797W5407
SHADING:BUILDING:DETAILED,ShadingB797W5765
SHADING:BUILDING:DETAILED,ShadingB797W5408
SHADING:BUILDING:DETAILED,ShadingB797W5764
SHADING:BUILDING:DETAILED,ShadingB797W5763
SHADING:BUILDING:DETAILED,ShadingB797W5762
SHADING:BUILDING:DETAILED,ShadingB797W5761
SHADING:BUILDING:DETAILED,ShadingB797W5760
SHADING:BUILDING:DETAILED,ShadingB797W5418
SHADING:BUILDING:DETAILED,ShadingB797W5389
SHADING:BUILDING:DETAILED,ShadingB797W5388
SHADING:BUILDING:DETAILED,ShadingB797W5387
SHADING:BUILDING:DETAILED,ShadingB797W5393
SHADING:BUILDING:DETAILED,ShadingB797W5392
SHADING:BUILDING:DETAILED,ShadingB797W5391
SHADING:BUILDING:DETAILED,ShadingB797W5402
SHADING:BUILDING:DETAILED,ShadingB797W5682
SHADING:BUILDING:DETAILED,ShadingB797W5681
SHADING:BUILDING:DETAILED,ShadingB797W5680
SHADING:BUILDING:DETAILED,ShadingB797W5679
SHADING:BUILDING:DETAILED,ShadingB797W5796
SHADING:BUILDING:DETAILED,ShadingB797W5795
SHADING:BUILDING:DETAILED,ShadingB797W5797
SHADING:BUILDING:DETAILED,ShadingB797W5792
SHADING:BUILDING:DETAILED,ShadingB797W5791
SHADING:BUILDING:DETAILED,ShadingB797W5794
SHADING:BUILDING:DETAILED,ShadingB797W5793
SHADING:BUILDING:DETAILED,ShadingB797W5685
SHADING:BUILDING:DETAILED,ShadingB797W5684
SHADING:BUILDING:DETAILED,ShadingB797W5683
SHADING:BUILDING:DETAILED,ShadingB3545W12005
SHADING:BUILDING:DETAILED,ShadingB3545W12006
SHADING:BUILDING:DETAILED,ShadingB3545W12003
SHADING:BUILDING:DETAILED,ShadingB3545W12004
SHADING:BUILDING:DETAILED,ShadingB3545W12009
SHADING:BUILDING:DETAILED,ShadingB3545W12010
SHADING:BUILDING:DETAILED,ShadingB3545W12007
SHADING:BUILDING:DETAILED,ShadingB3545W12008
SHADING:BUILDING:DETAILED,ShadingB3545W12011
SHADING:BUILDING:DETAILED,ShadingB3545W11988
SHADING:BUILDING:DETAILED,ShadingB3545W11987
SHADING:BUILDING:DETAILED,ShadingB3545W11990
SHADING:BUILDING:DETAILED,ShadingB3545W11989
SHADING:BUILDING:DETAILED,ShadingB3545W11992
SHADING:BUILDING:DETAILED,ShadingB3545W11991
SHADING:BUILDING:DETAILED,ShadingB3545W11984
SHADING:BUILDING:DETAILED,ShadingB3545W11986
SHADING:BUILDING:DETAILED,ShadingB3545W11985
SHADING:BUILDING:DETAILED,ShadingB838W5845
SHADING:BUILDING:DETAILED,ShadingB838W5846
SHADING:BUILDING:DETAILED,ShadingB838W5849
SHADING:BUILDING:DETAILED,ShadingB838W5850
SHADING:BUILDING:DETAILED,ShadingB838W5847
SHADING:BUILDING:DETAILED,ShadingB838W5848
SHADING:BUILDING:DETAILED,ShadingB838W5835
SHADING:BUILDING:DETAILED,ShadingB838W5836
SHADING:BUILDING:DETAILED,ShadingB838W5830
SHADING:BUILDING:DETAILED,ShadingB838W5949
SHADING:BUILDING:DETAILED,ShadingB838W5834
SHADING:BUILDING:DETAILED,ShadingB838W5833
SHADING:BUILDING:DETAILED,ShadingB838W5831
SHADING:BUILDING:DETAILED,ShadingB838W5875
SHADING:BUILDING:DETAILED,ShadingB838W5877
SHADING:BUILDING:DETAILED,ShadingB838W5878
SHADING:BUILDING:DETAILED,ShadingB838W5879
SHADING:BUILDING:DETAILED,ShadingB838W5881
SHADING:BUILDING:DETAILED,ShadingB838W5860
SHADING:BUILDING:DETAILED,ShadingB838W5862
SHADING:BUILDING:DETAILED,ShadingB838W5861
SHADING:BUILDING:DETAILED,ShadingB838W5864
SHADING:BUILDING:DETAILED,ShadingB838W5863
SHADING:BUILDING:DETAILED,ShadingB838W5866
SHADING:BUILDING:DETAILED,ShadingB838W5851
SHADING:BUILDING:DETAILED,ShadingB838W5899
SHADING:BUILDING:DETAILED,ShadingB838W5913
SHADING:BUILDING:DETAILED,ShadingB838W5912
SHADING:BUILDING:DETAILED,ShadingB838W5911
SHADING:BUILDING:DETAILED,ShadingB838W5910
SHADING:BUILDING:DETAILED,ShadingB838W5909
SHADING:BUILDING:DETAILED,ShadingB838W5897
SHADING:BUILDING:DETAILED,ShadingB838W5898
SHADING:BUILDING:DETAILED,ShadingB838W5895
SHADING:BUILDING:DETAILED,ShadingB838W5896
SHADING:BUILDING:DETAILED,ShadingB838W5893
SHADING:BUILDING:DETAILED,ShadingB838W5894
SHADING:BUILDING:DETAILED,ShadingB838W5932
SHADING:BUILDING:DETAILED,ShadingB838W5931
SHADING:BUILDING:DETAILED,ShadingB838W5934
SHADING:BUILDING:DETAILED,ShadingB838W5933
SHADING:BUILDING:DETAILED,ShadingB838W5915
SHADING:BUILDING:DETAILED,ShadingB838W5928
SHADING:BUILDING:DETAILED,ShadingB838W5929
SHADING:BUILDING:DETAILED,ShadingB838W5926
SHADING:BUILDING:DETAILED,ShadingB398W3192
SHADING:BUILDING:DETAILED,ShadingB398W3166
SHADING:BUILDING:DETAILED,ShadingB398W3164
SHADING:BUILDING:DETAILED,ShadingB398W3175
SHADING:BUILDING:DETAILED,ShadingB398W3173
SHADING:BUILDING:DETAILED,ShadingB398W3121
SHADING:BUILDING:DETAILED,ShadingB398W3120
SHADING:BUILDING:DETAILED,ShadingB398W3125
SHADING:BUILDING:DETAILED,ShadingB398W3123
SHADING:BUILDING:DETAILED,ShadingB398W3124
SHADING:BUILDING:DETAILED,ShadingB398W3127
SHADING:BUILDING:DETAILED,ShadingB398W3128
SHADING:BUILDING:DETAILED,ShadingB398W3102
SHADING:BUILDING:DETAILED,ShadingB398W3579
SHADING:BUILDING:DETAILED,ShadingB398W3105
SHADING:BUILDING:DETAILED,ShadingB398W3104
SHADING:BUILDING:DETAILED,ShadingB398W3103
SHADING:BUILDING:DETAILED,ShadingB398W3109
SHADING:BUILDING:DETAILED,ShadingB398W3108
SHADING:BUILDING:DETAILED,ShadingB398W3107
SHADING:BUILDING:DETAILED,ShadingB398W3574
SHADING:BUILDING:DETAILED,ShadingB398W3573
SHADING:BUILDING:DETAILED,ShadingB398W3578
SHADING:BUILDING:DETAILED,ShadingB398W3577
SHADING:BUILDING:DETAILED,ShadingB398W3576
SHADING:BUILDING:DETAILED,ShadingB398W3575
SHADING:BUILDING:DETAILED,ShadingB398W3558
SHADING:BUILDING:DETAILED,ShadingB398W3556
SHADING:BUILDING:DETAILED,ShadingB398W3548
SHADING:BUILDING:DETAILED,ShadingB398W3553
SHADING:BUILDING:DETAILED,ShadingB398W3554
SHADING:BUILDING:DETAILED,ShadingB398W3551
SHADING:BUILDING:DETAILED,ShadingB398W3552
SHADING:BUILDING:DETAILED,ShadingB398W3058
SHADING:BUILDING:DETAILED,ShadingB398W3057
SHADING:BUILDING:DETAILED,ShadingB398W3524
SHADING:BUILDING:DETAILED,ShadingB398W3525
SHADING:BUILDING:DETAILED,ShadingB398W3526
SHADING:BUILDING:DETAILED,ShadingB398W3527
SHADING:BUILDING:DETAILED,ShadingB398W3520
SHADING:BUILDING:DETAILED,ShadingB398W3521
SHADING:BUILDING:DETAILED,ShadingB398W3522
SHADING:BUILDING:DETAILED,ShadingB398W2965
SHADING:BUILDING:DETAILED,ShadingB398W2967
SHADING:BUILDING:DETAILED,ShadingB398W3508
SHADING:BUILDING:DETAILED,ShadingB398W2969
SHADING:BUILDING:DETAILED,ShadingB398W3507
SHADING:BUILDING:DETAILED,ShadingB398W3501
SHADING:BUILDING:DETAILED,ShadingB398W2959
SHADING:BUILDING:DETAILED,ShadingB398W2962
SHADING:BUILDING:DETAILED,ShadingB398W3499
SHADING:BUILDING:DETAILED,ShadingB398W2961
SHADING:BUILDING:DETAILED,ShadingB398W3498
SHADING:BUILDING:DETAILED,ShadingB398W3495
SHADING:BUILDING:DETAILED,ShadingB398W3496
SHADING:BUILDING:DETAILED,ShadingB398W3494
SHADING:BUILDING:DETAILED,ShadingB398W3492
SHADING:BUILDING:DETAILED,ShadingB398W2939
SHADING:BUILDING:DETAILED,ShadingB398W2940
SHADING:BUILDING:DETAILED,ShadingB398W2941
SHADING:BUILDING:DETAILED,ShadingB398W2942
SHADING:BUILDING:DETAILED,ShadingB398W2943
SHADING:BUILDING:DETAILED,ShadingB398W2993
SHADING:BUILDING:DETAILED,ShadingB398W2992
SHADING:BUILDING:DETAILED,ShadingB398W2982
SHADING:BUILDING:DETAILED,ShadingB398W2986
SHADING:BUILDING:DETAILED,ShadingB398W2972
SHADING:BUILDING:DETAILED,ShadingB398W2977
SHADING:BUILDING:DETAILED,ShadingB398W2976
SHADING:BUILDING:DETAILED,ShadingB398W3454
SHADING:BUILDING:DETAILED,ShadingB398W2824
SHADING:BUILDING:DETAILED,ShadingB398W2835
SHADING:BUILDING:DETAILED,ShadingB398W2832
SHADING:BUILDING:DETAILED,ShadingB398W2830
SHADING:BUILDING:DETAILED,ShadingB398W2827
SHADING:BUILDING:DETAILED,ShadingB398W2828
SHADING:BUILDING:DETAILED,ShadingB398W3324
SHADING:BUILDING:DETAILED,ShadingB398W3323
SHADING:BUILDING:DETAILED,ShadingB398W2917
SHADING:BUILDING:DETAILED,ShadingB398W2920
SHADING:BUILDING:DETAILED,ShadingB398W3329
SHADING:BUILDING:DETAILED,ShadingB398W2919
SHADING:BUILDING:DETAILED,ShadingB398W3328
SHADING:BUILDING:DETAILED,ShadingB398W3327
SHADING:BUILDING:DETAILED,ShadingB398W3334
SHADING:BUILDING:DETAILED,ShadingB398W3333
SHADING:BUILDING:DETAILED,ShadingB398W3331
SHADING:BUILDING:DETAILED,ShadingB398W2909
SHADING:BUILDING:DETAILED,ShadingB398W2911
SHADING:BUILDING:DETAILED,ShadingB398W2914
SHADING:BUILDING:DETAILED,ShadingB398W2913
SHADING:BUILDING:DETAILED,ShadingB398W2934
SHADING:BUILDING:DETAILED,ShadingB398W2935
SHADING:BUILDING:DETAILED,ShadingB398W3346
SHADING:BUILDING:DETAILED,ShadingB398W3349
SHADING:BUILDING:DETAILED,ShadingB398W3350
SHADING:BUILDING:DETAILED,ShadingB398W3347
SHADING:BUILDING:DETAILED,ShadingB398W3348
SHADING:BUILDING:DETAILED,ShadingB398W3351
SHADING:BUILDING:DETAILED,ShadingB398W3352
SHADING:BUILDING:DETAILED,ShadingB398W3356
SHADING:BUILDING:DETAILED,ShadingB398W239
SHADING:BUILDING:DETAILED,ShadingB398W242
SHADING:BUILDING:DETAILED,ShadingB398W3357
SHADING:BUILDING:DETAILED,ShadingB398W235
SHADING:BUILDING:DETAILED,ShadingB398W2888
SHADING:BUILDING:DETAILED,ShadingB398W3362
SHADING:BUILDING:DETAILED,ShadingB398W2887
SHADING:BUILDING:DETAILED,ShadingB398W248
SHADING:BUILDING:DETAILED,ShadingB398W247
SHADING:BUILDING:DETAILED,ShadingB398W2877
SHADING:BUILDING:DETAILED,ShadingB398W244
SHADING:BUILDING:DETAILED,ShadingB398W2882
SHADING:BUILDING:DETAILED,ShadingB398W2880
SHADING:BUILDING:DETAILED,ShadingB398W2879
SHADING:BUILDING:DETAILED,ShadingB398W223
SHADING:BUILDING:DETAILED,ShadingB398W3371
SHADING:BUILDING:DETAILED,ShadingB398W3372
SHADING:BUILDING:DETAILED,ShadingB398W3373
SHADING:BUILDING:DETAILED,ShadingB398W3375
SHADING:BUILDING:DETAILED,ShadingB398W3376
SHADING:BUILDING:DETAILED,ShadingB398W2906
SHADING:BUILDING:DETAILED,ShadingB398W3377
SHADING:BUILDING:DETAILED,ShadingB398W3378
SHADING:BUILDING:DETAILED,ShadingB398W232
SHADING:BUILDING:DETAILED,ShadingB398W2891
SHADING:BUILDING:DETAILED,ShadingB398W228
SHADING:BUILDING:DETAILED,ShadingB398W3384
SHADING:BUILDING:DETAILED,ShadingB398W3386
SHADING:BUILDING:DETAILED,ShadingB398W3274
SHADING:BUILDING:DETAILED,ShadingB398W3272
SHADING:BUILDING:DETAILED,ShadingB398W259
SHADING:BUILDING:DETAILED,ShadingB398W254
SHADING:BUILDING:DETAILED,ShadingB398W3282
SHADING:BUILDING:DETAILED,ShadingB398W253
SHADING:BUILDING:DETAILED,ShadingB398W3280
SHADING:BUILDING:DETAILED,ShadingB398W3278
SHADING:BUILDING:DETAILED,ShadingB398W257
SHADING:BUILDING:DETAILED,ShadingB398W3276
SHADING:BUILDING:DETAILED,ShadingB398W3275
SHADING:BUILDING:DETAILED,ShadingB398W3304
SHADING:BUILDING:DETAILED,ShadingB398W3306
SHADING:BUILDING:DETAILED,ShadingB398W3300
SHADING:BUILDING:DETAILED,ShadingB398W3301
SHADING:BUILDING:DETAILED,ShadingB398W3302
SHADING:BUILDING:DETAILED,ShadingB398W3296
SHADING:BUILDING:DETAILED,ShadingB398W3298
SHADING:BUILDING:DETAILED,ShadingB398W294
SHADING:BUILDING:DETAILED,ShadingB398W3322
SHADING:BUILDING:DETAILED,ShadingB398W3307
SHADING:BUILDING:DETAILED,ShadingB398W3204
SHADING:BUILDING:DETAILED,ShadingB398W3198
SHADING:BUILDING:DETAILED,ShadingB398W3195
SHADING:BUILDING:DETAILED,ShadingB398W3202
SHADING:BUILDING:DETAILED,ShadingB398W3199
SHADING:BUILDING:DETAILED,ShadingB398W3200
SHADING:BUILDING:DETAILED,ShadingB398W3225
SHADING:BUILDING:DETAILED,ShadingB398W322
SHADING:BUILDING:DETAILED,ShadingB398W3212
SHADING:BUILDING:DETAILED,ShadingB398W3211
SHADING:BUILDING:DETAILED,ShadingB398W3253
SHADING:BUILDING:DETAILED,ShadingB398W3255
SHADING:BUILDING:DETAILED,ShadingB398W3257
SHADING:BUILDING:DETAILED,ShadingB398W3246
SHADING:BUILDING:DETAILED,ShadingB398W3248
SHADING:BUILDING:DETAILED,ShadingB398W3247
SHADING:BUILDING:DETAILED,ShadingB398W3250
SHADING:BUILDING:DETAILED,ShadingB398W3249
SHADING:BUILDING:DETAILED,ShadingB3923W9627
SHADING:BUILDING:DETAILED,ShadingB3923W9628
SHADING:BUILDING:DETAILED,ShadingB3923W9605
SHADING:BUILDING:DETAILED,ShadingB3923W9606
SHADING:BUILDING:DETAILED,ShadingB3923W9603
SHADING:BUILDING:DETAILED,ShadingB3923W9604
SHADING:BUILDING:DETAILED,ShadingB3923W9601
SHADING:BUILDING:DETAILED,ShadingB3923W9602
SHADING:BUILDING:DETAILED,ShadingB3923W9600
SHADING:BUILDING:DETAILED,ShadingB3923W9626
SHADING:BUILDING:DETAILED,ShadingB3923W9625
SHADING:BUILDING:DETAILED,ShadingB3923W9624
SHADING:BUILDING:DETAILED,ShadingB3923W9623
SHADING:BUILDING:DETAILED,ShadingB3923W9622
SHADING:BUILDING:DETAILED,ShadingB3923W9621
SHADING:BUILDING:DETAILED,ShadingB3923W9620
SHADING:BUILDING:DETAILED,ShadingB3923W9619
SHADING:BUILDING:DETAILED,ShadingB3923W9618
SHADING:BUILDING:DETAILED,ShadingB3923W9617
SHADING:BUILDING:DETAILED,ShadingB3923W9706
SHADING:BUILDING:DETAILED,ShadingB3923W9691
SHADING:BUILDING:DETAILED,ShadingB3923W9692
SHADING:BUILDING:DETAILED,ShadingB3923W9693
SHADING:BUILDING:DETAILED,ShadingB3923W9694
SHADING:BUILDING:DETAILED,ShadingB3923W9695
SHADING:BUILDING:DETAILED,ShadingB3923W9696
SHADING:BUILDING:DETAILED,ShadingB3923W9697
SHADING:BUILDING:DETAILED,ShadingB3923W9722
SHADING:BUILDING:DETAILED,ShadingB3923W9708
SHADING:BUILDING:DETAILED,ShadingB3923W9707
SHADING:BUILDING:DETAILED,ShadingB3923W9710
SHADING:BUILDING:DETAILED,ShadingB3923W9709
SHADING:BUILDING:DETAILED,ShadingB3923W9712
SHADING:BUILDING:DETAILED,ShadingB3923W9711
SHADING:BUILDING:DETAILED,ShadingB3923W9760
SHADING:BUILDING:DETAILED,ShadingB3923W9759
SHADING:BUILDING:DETAILED,ShadingB3923W9756
SHADING:BUILDING:DETAILED,ShadingB3923W9755
SHADING:BUILDING:DETAILED,ShadingB3923W9758
SHADING:BUILDING:DETAILED,ShadingB3923W9757
SHADING:BUILDING:DETAILED,ShadingB3923W9770
SHADING:BUILDING:DETAILED,ShadingB3923W9775
SHADING:BUILDING:DETAILED,ShadingB3923W9776
SHADING:BUILDING:DETAILED,ShadingB3923W9771
SHADING:BUILDING:DETAILED,ShadingB3923W9772
SHADING:BUILDING:DETAILED,ShadingB3923W9773
SHADING:BUILDING:DETAILED,ShadingB3923W9774
SHADING:BUILDING:DETAILED,ShadingB3923W9784
SHADING:BUILDING:DETAILED,ShadingB3923W9785
SHADING:BUILDING:DETAILED,ShadingB3923W9786
SHADING:BUILDING:DETAILED,ShadingB3923W9728
SHADING:BUILDING:DETAILED,ShadingB3923W9727
SHADING:BUILDING:DETAILED,ShadingB3923W9726
SHADING:BUILDING:DETAILED,ShadingB3923W9725
SHADING:BUILDING:DETAILED,ShadingB3923W9724
SHADING:BUILDING:DETAILED,ShadingB3923W9723
SHADING:BUILDING:DETAILED,ShadingB3923W9754
SHADING:BUILDING:DETAILED,ShadingB3923W9828
SHADING:BUILDING:DETAILED,ShadingB3923W9830
SHADING:BUILDING:DETAILED,ShadingB3923W9829
SHADING:BUILDING:DETAILED,ShadingB3923W9832
SHADING:BUILDING:DETAILED,ShadingB3923W9831
SHADING:BUILDING:DETAILED,ShadingB3923W9833
SHADING:BUILDING:DETAILED,ShadingB3923W9842
SHADING:BUILDING:DETAILED,ShadingB3923W9843
SHADING:BUILDING:DETAILED,ShadingB3923W9845
SHADING:BUILDING:DETAILED,ShadingB3923W9846
SHADING:BUILDING:DETAILED,ShadingB3923W9847
SHADING:BUILDING:DETAILED,ShadingB3923W9848
SHADING:BUILDING:DETAILED,ShadingB3923W9789
SHADING:BUILDING:DETAILED,ShadingB3923W9788
SHADING:BUILDING:DETAILED,ShadingB3923W9787
SHADING:BUILDING:DETAILED,ShadingB3923W9798
SHADING:BUILDING:DETAILED,ShadingB3923W9797
SHADING:BUILDING:DETAILED,ShadingB3923W9802
SHADING:BUILDING:DETAILED,ShadingB3923W9801
SHADING:BUILDING:DETAILED,ShadingB3923W9800
SHADING:BUILDING:DETAILED,ShadingB3923W9799
SHADING:BUILDING:DETAILED,ShadingB3923W9813
SHADING:BUILDING:DETAILED,ShadingB3923W9814
SHADING:BUILDING:DETAILED,ShadingB3923W9811
SHADING:BUILDING:DETAILED,ShadingB3923W9812
SHADING:BUILDING:DETAILED,ShadingB3923W9817
SHADING:BUILDING:DETAILED,ShadingB3923W9815
SHADING:BUILDING:DETAILED,ShadingB3923W9816
SHADING:BUILDING:DETAILED,ShadingB3923W9910
SHADING:BUILDING:DETAILED,ShadingB3923W9909
SHADING:BUILDING:DETAILED,ShadingB3923W9908
SHADING:BUILDING:DETAILED,ShadingB3923W9907
SHADING:BUILDING:DETAILED,ShadingB3923W9906
SHADING:BUILDING:DETAILED,ShadingB3923W9905
SHADING:BUILDING:DETAILED,ShadingB3923W9885
SHADING:BUILDING:DETAILED,ShadingB3923W9886
SHADING:BUILDING:DETAILED,ShadingB3923W9883
SHADING:BUILDING:DETAILED,ShadingB3923W9884
SHADING:BUILDING:DETAILED,ShadingB3923W9882
SHADING:BUILDING:DETAILED,ShadingB3923W9881
SHADING:BUILDING:DETAILED,ShadingB3923W9859
SHADING:BUILDING:DETAILED,ShadingB3923W9860
SHADING:BUILDING:DETAILED,ShadingB3923W9861
SHADING:BUILDING:DETAILED,ShadingB3923W9856
SHADING:BUILDING:DETAILED,ShadingB3923W9857
SHADING:BUILDING:DETAILED,ShadingB3923W9858
SHADING:BUILDING:DETAILED,ShadingB3923W9965
SHADING:BUILDING:DETAILED,ShadingB3923W9964
SHADING:BUILDING:DETAILED,ShadingB3923W9963
SHADING:BUILDING:DETAILED,ShadingB3923W9969
SHADING:BUILDING:DETAILED,ShadingB3923W9961
SHADING:BUILDING:DETAILED,ShadingB3923W9962
SHADING:BUILDING:DETAILED,ShadingB3923W9960
SHADING:BUILDING:DETAILED,ShadingB3923W9949
SHADING:BUILDING:DETAILED,ShadingB3923W9950
SHADING:BUILDING:DETAILED,ShadingB3923W9947
SHADING:BUILDING:DETAILED,ShadingB3923W9948
SHADING:BUILDING:DETAILED,ShadingB3923W9951
SHADING:BUILDING:DETAILED,ShadingB3923W9952
SHADING:BUILDING:DETAILED,ShadingB3923W9939
SHADING:BUILDING:DETAILED,ShadingB3923W9932
SHADING:BUILDING:DETAILED,ShadingB3923W9933
SHADING:BUILDING:DETAILED,ShadingB3923W9936
SHADING:BUILDING:DETAILED,ShadingB3923W9935
SHADING:BUILDING:DETAILED,ShadingB3923W9938
SHADING:BUILDING:DETAILED,ShadingB3923W9937
SHADING:BUILDING:DETAILED,ShadingB3923W9999
SHADING:BUILDING:DETAILED,ShadingB3923W10000
SHADING:BUILDING:DETAILED,ShadingB3923W9995
SHADING:BUILDING:DETAILED,ShadingB3923W9996
SHADING:BUILDING:DETAILED,ShadingB3923W9997
SHADING:BUILDING:DETAILED,ShadingB3923W9998
SHADING:BUILDING:DETAILED,ShadingB3923W9984
SHADING:BUILDING:DETAILED,ShadingB3923W9980
SHADING:BUILDING:DETAILED,ShadingB3923W9982
SHADING:BUILDING:DETAILED,ShadingB3923W9981
SHADING:BUILDING:DETAILED,ShadingB3923W9987
SHADING:BUILDING:DETAILED,ShadingB3923W3659
SHADING:BUILDING:DETAILED,ShadingB3923W3660
SHADING:BUILDING:DETAILED,ShadingB3923W3656
SHADING:BUILDING:DETAILED,ShadingB3923W9208
SHADING:BUILDING:DETAILED,ShadingB3923W9207
SHADING:BUILDING:DETAILED,ShadingB3923W9209
SHADING:BUILDING:DETAILED,ShadingB3923W9204
SHADING:BUILDING:DETAILED,ShadingB3923W9203
SHADING:BUILDING:DETAILED,ShadingB3923W9206
SHADING:BUILDING:DETAILED,ShadingB3923W9205
SHADING:BUILDING:DETAILED,ShadingB3923W9202
SHADING:BUILDING:DETAILED,ShadingB3923W9214
SHADING:BUILDING:DETAILED,ShadingB3923W9213
SHADING:BUILDING:DETAILED,ShadingB3923W9211
SHADING:BUILDING:DETAILED,ShadingB3923W9218
SHADING:BUILDING:DETAILED,ShadingB3923W9217
SHADING:BUILDING:DETAILED,ShadingB3923W9216
SHADING:BUILDING:DETAILED,ShadingB3923W9219
SHADING:BUILDING:DETAILED,ShadingB3923W9229
SHADING:BUILDING:DETAILED,ShadingB3923W9230
SHADING:BUILDING:DETAILED,ShadingB3923W9227
SHADING:BUILDING:DETAILED,ShadingB3923W9228
SHADING:BUILDING:DETAILED,ShadingB3923W9231
SHADING:BUILDING:DETAILED,ShadingB3923W9232
SHADING:BUILDING:DETAILED,ShadingB3923W9241
SHADING:BUILDING:DETAILED,ShadingB3923W9242
SHADING:BUILDING:DETAILED,ShadingB3923W9244
SHADING:BUILDING:DETAILED,ShadingB3923W9243
SHADING:BUILDING:DETAILED,ShadingB3923W9246
SHADING:BUILDING:DETAILED,ShadingB3923W9245
SHADING:BUILDING:DETAILED,ShadingB3923W9247
SHADING:BUILDING:DETAILED,ShadingB3923W9258
SHADING:BUILDING:DETAILED,ShadingB3923W9257
SHADING:BUILDING:DETAILED,ShadingB3923W9259
SHADING:BUILDING:DETAILED,ShadingB3923W9260
SHADING:BUILDING:DETAILED,ShadingB3923W9261
SHADING:BUILDING:DETAILED,ShadingB3923W9262
SHADING:BUILDING:DETAILED,ShadingB3923W9263
SHADING:BUILDING:DETAILED,ShadingB3923W9264
SHADING:BUILDING:DETAILED,ShadingB3923W9281
SHADING:BUILDING:DETAILED,ShadingB3923W9280
SHADING:BUILDING:DETAILED,ShadingB3923W9279
SHADING:BUILDING:DETAILED,ShadingB3923W9278
SHADING:BUILDING:DETAILED,ShadingB3923W9277
SHADING:BUILDING:DETAILED,ShadingB3923W9276
SHADING:BUILDING:DETAILED,ShadingB3923W9275
SHADING:BUILDING:DETAILED,ShadingB3923W9305
SHADING:BUILDING:DETAILED,ShadingB3923W9306
SHADING:BUILDING:DETAILED,ShadingB3923W9311
SHADING:BUILDING:DETAILED,ShadingB3923W9308
SHADING:BUILDING:DETAILED,ShadingB3923W9307
SHADING:BUILDING:DETAILED,ShadingB3923W9310
SHADING:BUILDING:DETAILED,ShadingB3923W9309
SHADING:BUILDING:DETAILED,ShadingB3923W9335
SHADING:BUILDING:DETAILED,ShadingB3923W9336
SHADING:BUILDING:DETAILED,ShadingB3923W9337
SHADING:BUILDING:DETAILED,ShadingB3923W9338
SHADING:BUILDING:DETAILED,ShadingB3923W9366
SHADING:BUILDING:DETAILED,ShadingB3923W9365
SHADING:BUILDING:DETAILED,ShadingB3923W9367
SHADING:BUILDING:DETAILED,ShadingB3923W9369
SHADING:BUILDING:DETAILED,ShadingB3923W9356
SHADING:BUILDING:DETAILED,ShadingB3923W9355
SHADING:BUILDING:DETAILED,ShadingB3923W9350
SHADING:BUILDING:DETAILED,ShadingB3923W9351
SHADING:BUILDING:DETAILED,ShadingB3923W9352
SHADING:BUILDING:DETAILED,ShadingB3923W9353
SHADING:BUILDING:DETAILED,ShadingB3923W9354
SHADING:BUILDING:DETAILED,ShadingB3923W9339
SHADING:BUILDING:DETAILED,ShadingB3923W9340
SHADING:BUILDING:DETAILED,ShadingB3923W9341
SHADING:BUILDING:DETAILED,ShadingB3923W9402
SHADING:BUILDING:DETAILED,ShadingB3923W9401
SHADING:BUILDING:DETAILED,ShadingB3923W9400
SHADING:BUILDING:DETAILED,ShadingB3923W9381
SHADING:BUILDING:DETAILED,ShadingB3923W9382
SHADING:BUILDING:DETAILED,ShadingB3923W9379
SHADING:BUILDING:DETAILED,ShadingB3923W9380
SHADING:BUILDING:DETAILED,ShadingB3923W9383
SHADING:BUILDING:DETAILED,ShadingB3923W9384
SHADING:BUILDING:DETAILED,ShadingB3923W9371
SHADING:BUILDING:DETAILED,ShadingB3923W9431
SHADING:BUILDING:DETAILED,ShadingB3923W9434
SHADING:BUILDING:DETAILED,ShadingB3923W9433
SHADING:BUILDING:DETAILED,ShadingB3923W9430
SHADING:BUILDING:DETAILED,ShadingB3923W9420
SHADING:BUILDING:DETAILED,ShadingB3923W9419
SHADING:BUILDING:DETAILED,ShadingB3923W9415
SHADING:BUILDING:DETAILED,ShadingB3923W9416
SHADING:BUILDING:DETAILED,ShadingB3923W9417
SHADING:BUILDING:DETAILED,ShadingB3923W9418
SHADING:BUILDING:DETAILED,ShadingB3923W9414
SHADING:BUILDING:DETAILED,ShadingB3923W9403
SHADING:BUILDING:DETAILED,ShadingB3923W9404
SHADING:BUILDING:DETAILED,ShadingB3923W9405
SHADING:BUILDING:DETAILED,ShadingB3923W9465
SHADING:BUILDING:DETAILED,ShadingB3923W9464
SHADING:BUILDING:DETAILED,ShadingB3923W9463
SHADING:BUILDING:DETAILED,ShadingB3923W9462
SHADING:BUILDING:DETAILED,ShadingB3923W9460
SHADING:BUILDING:DETAILED,ShadingB3923W9452
SHADING:BUILDING:DETAILED,ShadingB3923W9451
SHADING:BUILDING:DETAILED,ShadingB3923W9449
SHADING:BUILDING:DETAILED,ShadingB3923W9450
SHADING:BUILDING:DETAILED,ShadingB3923W9447
SHADING:BUILDING:DETAILED,ShadingB3923W9448
SHADING:BUILDING:DETAILED,ShadingB3923W9446
SHADING:BUILDING:DETAILED,ShadingB3923W9437
SHADING:BUILDING:DETAILED,ShadingB3923W9435
SHADING:BUILDING:DETAILED,ShadingB3923W9436
SHADING:BUILDING:DETAILED,ShadingB3923W9486
SHADING:BUILDING:DETAILED,ShadingB3923W9487
SHADING:BUILDING:DETAILED,ShadingB3923W9488
SHADING:BUILDING:DETAILED,ShadingB3923W9489
SHADING:BUILDING:DETAILED,ShadingB3923W9491
SHADING:BUILDING:DETAILED,ShadingB3923W9474
SHADING:BUILDING:DETAILED,ShadingB3923W9473
SHADING:BUILDING:DETAILED,ShadingB3923W9476
SHADING:BUILDING:DETAILED,ShadingB3923W9475
SHADING:BUILDING:DETAILED,ShadingB3923W9478
SHADING:BUILDING:DETAILED,ShadingB3923W9477
SHADING:BUILDING:DETAILED,ShadingB3923W9517
SHADING:BUILDING:DETAILED,ShadingB3923W9518
SHADING:BUILDING:DETAILED,ShadingB3923W9521
SHADING:BUILDING:DETAILED,ShadingB3923W9522
SHADING:BUILDING:DETAILED,ShadingB3923W9519
SHADING:BUILDING:DETAILED,ShadingB3923W9520
SHADING:BUILDING:DETAILED,ShadingB3923W9530
SHADING:BUILDING:DETAILED,ShadingB3923W9502
SHADING:BUILDING:DETAILED,ShadingB3923W9501
SHADING:BUILDING:DETAILED,ShadingB3923W9500
SHADING:BUILDING:DETAILED,ShadingB3923W9505
SHADING:BUILDING:DETAILED,ShadingB3923W9504
SHADING:BUILDING:DETAILED,ShadingB3923W9503
SHADING:BUILDING:DETAILED,ShadingB3923W9547
SHADING:BUILDING:DETAILED,ShadingB3923W9548
SHADING:BUILDING:DETAILED,ShadingB3923W9559
SHADING:BUILDING:DETAILED,ShadingB3923W9560
SHADING:BUILDING:DETAILED,ShadingB3923W9561
SHADING:BUILDING:DETAILED,ShadingB3923W9556
SHADING:BUILDING:DETAILED,ShadingB3923W9557
SHADING:BUILDING:DETAILED,ShadingB3923W9535
SHADING:BUILDING:DETAILED,ShadingB3923W9532
SHADING:BUILDING:DETAILED,ShadingB3923W9531
SHADING:BUILDING:DETAILED,ShadingB3923W9534
SHADING:BUILDING:DETAILED,ShadingB3923W9533
SHADING:BUILDING:DETAILED,ShadingB3923W9544
SHADING:BUILDING:DETAILED,ShadingB3923W3760
SHADING:BUILDING:DETAILED,ShadingB3923W9543
SHADING:BUILDING:DETAILED,ShadingB3923W9546
SHADING:BUILDING:DETAILED,ShadingB3923W9545
SHADING:BUILDING:DETAILED,ShadingB3923W9585
SHADING:BUILDING:DETAILED,ShadingB3923W9586
SHADING:BUILDING:DETAILED,ShadingB3923W9583
SHADING:BUILDING:DETAILED,ShadingB3923W9584
SHADING:BUILDING:DETAILED,ShadingB3923W9589
SHADING:BUILDING:DETAILED,ShadingB3923W9590
SHADING:BUILDING:DETAILED,ShadingB3923W9587
SHADING:BUILDING:DETAILED,ShadingB3923W9588
SHADING:BUILDING:DETAILED,ShadingB3923W9570
SHADING:BUILDING:DETAILED,ShadingB3923W9569
SHADING:BUILDING:DETAILED,ShadingB3923W9574
SHADING:BUILDING:DETAILED,ShadingB3923W9573
SHADING:BUILDING:DETAILED,ShadingB3923W9572
SHADING:BUILDING:DETAILED,ShadingB3923W9571
SHADING:BUILDING:DETAILED,ShadingB123R106
SHADING:BUILDING:DETAILED,ShadingB797R696
SHADING:BUILDING:DETAILED,ShadingB797R675
SHADING:BUILDING:DETAILED,ShadingB797R660
SHADING:BUILDING:DETAILED,ShadingB797R649
SHADING:BUILDING:DETAILED,ShadingB797R796
SHADING:BUILDING:DETAILED,ShadingB797R748
SHADING:BUILDING:DETAILED,ShadingB838R803
SHADING:BUILDING:DETAILED,ShadingB838R837
SHADING:BUILDING:DETAILED,ShadingB398R125
SHADING:BUILDING:DETAILED,ShadingB398R172
SHADING:BUILDING:DETAILED,ShadingB398R158
SHADING:BUILDING:DETAILED,ShadingB398R240
SHADING:BUILDING:DETAILED,ShadingB398R250
SHADING:BUILDING:DETAILED,ShadingB398R231
SHADING:BUILDING:DETAILED,ShadingB398R277
SHADING:BUILDING:DETAILED,ShadingB398R261
SHADING:BUILDING:DETAILED,ShadingB398R292
SHADING:BUILDING:DETAILED,ShadingB398R343
SHADING:BUILDING:DETAILED,ShadingB398R371
SHADING:BUILDING:DETAILED,ShadingB3923R3698
SHADING:BUILDING:DETAILED,ShadingB3923R3669
SHADING:BUILDING:DETAILED,ShadingB3923R3580
SHADING:BUILDING:DETAILED,ShadingB3923R3850
SHADING:BUILDING:DETAILED,ShadingB3923R3811
SHADING:BUILDING:DETAILED,ShadingB3923R3818
SHADING:BUILDING:DETAILED,ShadingB3923R3779
SHADING:BUILDING:DETAILED,ShadingB3923R3788
SHADING:BUILDING:DETAILED,ShadingB3923R3768